year,gold,silver
1965,32.483570765056164,5.331263431403564
1966,30.108678494144076,6.1255451271223595
1967,34.83844269050346,4.82082576215471
1968,40.01514928204013,5.264341023336183
1969,32.029233126383325,4.493665025993971
1970,32.8293152152541,4.553793375919329
1971,42.69606407753695,6.712525822394198
1972,39.437173645764545,7.4062400285708225
1973,34.05262807032524,6.127989878419666
1974,39.91280021792983,7.353532897892023
1975,35.68291153593769,6.861636025047634
1976,36.47135123214871,6.004880245394876
1977,40.80981135783017,7.161395605508414
1978,30.833598776711007,8.488036566465968
1979,32.57541083743484,7.064173960890048
1980,39.188562353795135,8.814643655814006
1981,37.73584439832788,4.7802548959102555
1982,45.17123666297637,8.371902504375223
1983,39.85987962239395,7.787047068238171
1984,38.138481493323546,7.550992649534132
1985,53.32824384460777,8.091760776535502
1986,45.67111849756732,6.162431085399108
1987,47.93764102343962,8.080328112162489
1988,41.276259068932724,8.807112571511746
1989,46.47808637737409,10.077894044741516
1990,50.554612948549334,8.231729781726353
1991,45.045032112888485,8.091506397106812
1992,53.47849009172836,8.548242956415464
1993,49.396806550405984,10.115402117702073
1994,51.74153125103362,9.678751109659684
1995,50.991466938853016,8.970239796232962
1996,64.06139092254469,10.163267433113354
1997,55.53251387631033,9.89707754934804
1998,51.1114453552205,10.918644990532888
1999,61.312724560515946,9.397946906122648
2000,51.89578175014489,9.922337853402231
2001,59.84431797502378,10.00789184686784
2002,49.80164938060112,9.086485051867882
2003,53.75906975550785,10.996120277064575
2004,62.18430617934562,11.11105527217989
2005,65.69233289997705,11.00511345664246
2006,63.656841405949855,10.915412866624852
2007,63.0217585880588,9.884629257949587
2008,62.89448152205356,11.02935467723464
2009,57.807390048162866,11.25728548347323
2010,62.40077895802646,10.94772273077838
2011,64.49680614520108,11.73871428833399
2012,72.88561113109458,12.45405085681454
2013,70.11809144784232,14.086185901210529
2014,60.384799223186334,12.524577812831838
2015,71.62041984697397,12.757550390722765
2016,68.87458859791843,12.575554084233831
2017,68.2153899984702,10.881228784700959
2018,75.45838144420435,12.923486124550783
2019,78.35499761247976,13.160230209941027
2020,78.65640059558099,15.713242112485286
2021,70.60391238388682,13.207639035218877
2022,74.05393812074392,13.851547342333612
